Workbook

Sheet Data Pengujian
A2: Data Pengujian WatermarkGuard (Hybrid DWT-DCT)
B4: No | C4: Citra Uji | D4: Jenis Serangan | E4: File Hasil Serangan | F4: NC | G4: BER | H4: Status
B5: 1 | C5: Animasi | D5: Brightness +20 | E5: attacked_brightness_plus20_Animasi_watermarked.png | F5: N/A | G5: N/A | H5: FAIL
B6: 2 | C6: Animasi | D6: Contrast 1.2 | E6: attacked_contrast_1.2_Animasi_watermarked.png | F6: 0.9844 | G6: 0.0078 | H6: FAIL
B7: 3 | C7: Animasi | D7: Crop 10% | E7: attacked_crop_10pct_Animasi_watermarked.png | F7: N/A | G7: N/A | H7: FAIL
B8: 4 | C8: Animasi | D8: Gaussian Blur | E8: attacked_gaussian_blur_Animasi_watermarked.png | F8: 1 | G8: 0 | H8: SUCCESS
B9: 5 | C9: Animasi | D9: Gaussian Noise | E9: attacked_gaussian_noise_Animasi_watermarked.png | F9: 1 | G9: 0 | H9: SUCCESS
B10: 6 | C10: Animasi | D10: JPEG 50 | E10: attacked_jpeg_50_Animasi_watermarked.jpg | F10: 1 | G10: 0 | H10: SUCCESS
B11: 7 | C11: Animasi | D11: JPEG 70 | E11: attacked_jpeg_70_Animasi_watermarked.jpg | F11: 1 | G11: 0 | H11: SUCCESS
B12: 8 | C12: Animasi | D12: JPEG 90 | E12: attacked_jpeg_90_Animasi_watermarked.jpg | F12: 1 | G12: 0 | H12: SUCCESS
B13: 9 | C13: Animasi | D13: Resize 75% | E13: attacked_resize_75pct_Animasi_watermarked.png | F13: 1 | G13: 0 | H13: SUCCESS
B14: 10 | C14: Makhluk hidup | D14: Brightness +20 | E14: attacked_brightness_plus20_Makhluk hidup_watermarked.png | F14: 1 | G14: 0 | H14: SUCCESS
B15: 11 | C15: Makhluk hidup | D15: Contrast 1.2 | E15: attacked_contrast_1.2_Makhluk hidup_watermarked.png | F15: 1 | G15: 0 | H15: SUCCESS
B16: 12 | C16: Makhluk hidup | D16: Crop 10% | E16: attacked_crop_10pct_Makhluk hidup_watermarked.png | F16: N/A | G16: N/A | H16: FAIL
B17: 13 | C17: Makhluk hidup | D17: Gaussian Blur | E17: attacked_gaussian_blur_Makhluk hidup_watermarked.png | F17: 1 | G17: 0 | H17: SUCCESS
B18: 14 | C18: Makhluk hidup | D18: Gaussian Noise | E18: attacked_gaussian_noise_Makhluk hidup_watermarked.png | F18: 1 | G18: 0 | H18: SUCCESS
B19: 15 | C19: Makhluk hidup | D19: JPEG 50 | E19: attacked_jpeg_50_Makhluk hidup_watermarked.jpg | F19: 1 | G19: 0 | H19: SUCCESS
B20: 16 | C20: Makhluk hidup | D20: JPEG 70 | E20: attacked_jpeg_70_Makhluk hidup_watermarked.jpg | F20: 1 | G20: 0 | H20: SUCCESS
B21: 17 | C21: Makhluk hidup | D21: JPEG 90 | E21: attacked_jpeg_90_Makhluk hidup_watermarked.jpg | F21: 1 | G21: 0 | H21: SUCCESS
B22: 18 | C22: Makhluk hidup | D22: Resize 75% | E22: attacked_resize_75pct_Makhluk hidup_watermarked.png | F22: 1 | G22: 0 | H22: SUCCESS
B23: 19 | C23: Pemandangan | D23: Brightness +20 | E23: attacked_brightness_plus20_Pemandangan_watermarked.png | F23: 1 | G23: 0 | H23: SUCCESS
B24: 20 | C24: Pemandangan | D24: Contrast 1.2 | E24: attacked_contrast_1.2_Pemandangan_watermarked.png | F24: 1 | G24: 0 | H24: SUCCESS
B25: 21 | C25: Pemandangan | D25: Crop 10% | E25: attacked_crop_10pct_Pemandangan_watermarked.png | F25: N/A | G25: N/A | H25: FAIL
B26: 22 | C26: Pemandangan | D26: Gaussian Blur | E26: attacked_gaussian_blur_Pemandangan_watermarked.png | F26: 1 | G26: 0 | H26: SUCCESS
B27: 23 | C27: Pemandangan | D27: Gaussian Noise | E27: attacked_gaussian_noise_Pemandangan_watermarked.png | F27: 1 | G27: 0 | H27: SUCCESS
B28: 24 | C28: Pemandangan | D28: JPEG 50 | E28: attacked_jpeg_50_Pemandangan_watermarked.jpg | F28: 1 | G28: 0 | H28: SUCCESS
B29: 25 | C29: Pemandangan | D29: JPEG 70 | E29: attacked_jpeg_70_Pemandangan_watermarked.jpg | F29: 1 | G29: 0 | H29: SUCCESS
B30: 26 | C30: Pemandangan | D30: JPEG 90 | E30: attacked_jpeg_90_Pemandangan_watermarked.jpg | F30: 1 | G30: 0 | H30: SUCCESS
B31: 27 | C31: Pemandangan | D31: Resize 75% | E31: attacked_resize_75pct_Pemandangan_watermarked.png | F31: 1 | G31: 0 | H31: SUCCESS

Sheet Rekapitulasi
B2: Rekapitulasi Hasil Pengujian per Citra dan Jenis Serangan
B4: Citra | C4: Brightness +20 | D4: Contrast 1.2 | E4: Crop 10% | F4: Gaussian Blur | G4: Gaussian Noise | H4: JPEG 50 | I4: JPEG 70 | J4: JPEG 90 | K4: Resize 75%
B5: Animasi | C5: ='Data Pengujian'!H5 -> FAIL | D5: ='Data Pengujian'!H6 -> FAIL | E5: ='Data Pengujian'!H7 -> FAIL | F5: ='Data Pengujian'!H8 -> SUCCESS | G5: ='Data Pengujian'!H9 -> SUCCESS | H5: ='Data Pengujian'!H10 -> SUCCESS | I5: ='Data Pengujian'!H11 -> SUCCESS | J5: ='Data Pengujian'!H12 -> SUCCESS | K5: ='Data Pengujian'!H13 -> SUCCESS
B6: Makhluk hidup | C6: ='Data Pengujian'!H14 -> SUCCESS | D6: ='Data Pengujian'!H15 -> SUCCESS | E6: ='Data Pengujian'!H16 -> FAIL | F6: ='Data Pengujian'!H17 -> SUCCESS | G6: ='Data Pengujian'!H18 -> SUCCESS | H6: ='Data Pengujian'!H19 -> SUCCESS | I6: ='Data Pengujian'!H20 -> SUCCESS | J6: ='Data Pengujian'!H21 -> SUCCESS | K6: ='Data Pengujian'!H22 -> SUCCESS
B7: Pemandangan | C7: ='Data Pengujian'!H23 -> SUCCESS | D7: ='Data Pengujian'!H24 -> SUCCESS | E7: ='Data Pengujian'!H25 -> FAIL | F7: ='Data Pengujian'!H26 -> SUCCESS | G7: ='Data Pengujian'!H27 -> SUCCESS | H7: ='Data Pengujian'!H28 -> SUCCESS | I7: ='Data Pengujian'!H29 -> SUCCESS | J7: ='Data Pengujian'!H30 -> SUCCESS | K7: ='Data Pengujian'!H31 -> SUCCESS

Sheet Ringkasan
A2: Ringkasan Hasil Pengujian
A4: A. Keseluruhan
A5: Kategori | B5: Jumlah | C5: Persentase
A6: Total pengujian | B6: =COUNTA('Data Pengujian'!$E$5:$E$31) -> 27 | C6: =B6/$B$6 -> 1
A7: SUCCESS | B7: =COUNTIF('Data Pengujian'!$H$5:$H$31,"SUCCESS") -> 22 | C7: =B7/$B$6 -> 0.81481481
A8: FAIL | B8: =COUNTIF('Data Pengujian'!$H$5:$H$31,"FAIL") -> 5 | C8: =B8/$B$6 -> 0.18518519
A9: BELUM ADA DATA | B9: =COUNTIF('Data Pengujian'!$H$5:$H$31,"BELUM ADA DATA") -> 0 | C9: =B9/$B$6 -> 0
A10: Catatan: status SUCCESS/FAIL mengikuti hasil pengujian yang ditetapkan penguji (5 FAIL, 22 SUCCESS); lihat sheet Keterangan.
A12: B. Per Jenis Citra
A13: Citra | B13: Total | C13: SUCCESS | D13: FAIL | E13: BELUM ADA DATA | F13: % SUCCESS | G13: % FAIL
A14: Animasi | B14: =COUNTIF('Data Pengujian'!$C$5:$C$31,$A14) -> 9 | C14: =COUNTIFS('Data Pengujian'!$C$5:$C$31,$A14,'Data Pengujian'!$H$5:$H$31,"SUCCESS") -> 6 | D14: =COUNTIFS('Data Pengujian'!$C$5:$C$31,$A14,'Data Pengujian'!$H$5:$H$31,"FAIL") -> 3 | E14: =COUNTIFS('Data Pengujian'!$C$5:$C$31,$A14,'Data Pengujian'!$H$5:$H$31,"BELUM ADA DATA") -> 0 | F14: =IF(B14=0,0,C14/B14) -> 0.66666667 | G14: =IF(B14=0,0,D14/B14) -> 0.33333333
A15: Makhluk hidup | B15: =COUNTIF('Data Pengujian'!$C$5:$C$31,$A15) -> 9 | C15: =COUNTIFS('Data Pengujian'!$C$5:$C$31,$A15,'Data Pengujian'!$H$5:$H$31,"SUCCESS") -> 8 | D15: =COUNTIFS('Data Pengujian'!$C$5:$C$31,$A15,'Data Pengujian'!$H$5:$H$31,"FAIL") -> 1 | E15: =COUNTIFS('Data Pengujian'!$C$5:$C$31,$A15,'Data Pengujian'!$H$5:$H$31,"BELUM ADA DATA") -> 0 | F15: =IF(B15=0,0,C15/B15) -> 0.88888889 | G15: =IF(B15=0,0,D15/B15) -> 0.11111111
A16: Pemandangan | B16: =COUNTIF('Data Pengujian'!$C$5:$C$31,$A16) -> 9 | C16: =COUNTIFS('Data Pengujian'!$C$5:$C$31,$A16,'Data Pengujian'!$H$5:$H$31,"SUCCESS") -> 8 | D16: =COUNTIFS('Data Pengujian'!$C$5:$C$31,$A16,'Data Pengujian'!$H$5:$H$31,"FAIL") -> 1 | E16: =COUNTIFS('Data Pengujian'!$C$5:$C$31,$A16,'Data Pengujian'!$H$5:$H$31,"BELUM ADA DATA") -> 0 | F16: =IF(B16=0,0,C16/B16) -> 0.88888889 | G16: =IF(B16=0,0,D16/B16) -> 0.11111111
A17: Total | B17: =SUM(B14:B16) -> 27 | C17: =SUM(C14:C16) -> 22 | D17: =SUM(D14:D16) -> 5 | E17: =SUM(E14:E16) -> 0 | F17: =IF(B17=0,0,C17/B17) -> 0.81481481 | G17: =IF(B17=0,0,D17/B17) -> 0.18518519
A19: C. Per Jenis Serangan
A20: Jenis Serangan | B20: Total | C20: SUCCESS | D20: FAIL | E20: BELUM ADA DATA | F20: % SUCCESS | G20: % FAIL
A21: Brightness +20 | B21: =COUNTIF('Data Pengujian'!$D$5:$D$31,$A21) -> 3 | C21: =COUNTIFS('Data Pengujian'!$D$5:$D$31,$A21,'Data Pengujian'!$H$5:$H$31,"SUCCESS") -> 2 | D21: =COUNTIFS('Data Pengujian'!$D$5:$D$31,$A21,'Data Pengujian'!$H$5:$H$31,"FAIL") -> 1 | E21: =COUNTIFS('Data Pengujian'!$D$5:$D$31,$A21,'Data Pengujian'!$H$5:$H$31,"BELUM ADA DATA") -> 0 | F21: =IF(B21=0,0,C21/B21) -> 0.66666667 | G21: =IF(B21=0,0,D21/B21) -> 0.33333333
A22: Contrast 1.2 | B22: =COUNTIF('Data Pengujian'!$D$5:$D$31,$A22) -> 3 | C22: =COUNTIFS('Data Pengujian'!$D$5:$D$31,$A22,'Data Pengujian'!$H$5:$H$31,"SUCCESS") -> 2 | D22: =COUNTIFS('Data Pengujian'!$D$5:$D$31,$A22,'Data Pengujian'!$H$5:$H$31,"FAIL") -> 1 | E22: =COUNTIFS('Data Pengujian'!$D$5:$D$31,$A22,'Data Pengujian'!$H$5:$H$31,"BELUM ADA DATA") -> 0 | F22: =IF(B22=0,0,C22/B22) -> 0.66666667 | G22: =IF(B22=0,0,D22/B22) -> 0.33333333
A23: Crop 10% | B23: =COUNTIF('Data Pengujian'!$D$5:$D$31,$A23) -> 3 | C23: =COUNTIFS('Data Pengujian'!$D$5:$D$31,$A23,'Data Pengujian'!$H$5:$H$31,"SUCCESS") -> 0 | D23: =COUNTIFS('Data Pengujian'!$D$5:$D$31,$A23,'Data Pengujian'!$H$5:$H$31,"FAIL") -> 3 | E23: =COUNTIFS('Data Pengujian'!$D$5:$D$31,$A23,'Data Pengujian'!$H$5:$H$31,"BELUM ADA DATA") -> 0 | F23: =IF(B23=0,0,C23/B23) -> 0 | G23: =IF(B23=0,0,D23/B23) -> 1
A24: Gaussian Blur | B24: =COUNTIF('Data Pengujian'!$D$5:$D$31,$A24) -> 3 | C24: =COUNTIFS('Data Pengujian'!$D$5:$D$31,$A24,'Data Pengujian'!$H$5:$H$31,"SUCCESS") -> 3 | D24: =COUNTIFS('Data Pengujian'!$D$5:$D$31,$A24,'Data Pengujian'!$H$5:$H$31,"FAIL") -> 0 | E24: =COUNTIFS('Data Pengujian'!$D$5:$D$31,$A24,'Data Pengujian'!$H$5:$H$31,"BELUM ADA DATA") -> 0 | F24: =IF(B24=0,0,C24/B24) -> 1 | G24: =IF(B24=0,0,D24/B24) -> 0
A25: Gaussian Noise | B25: =COUNTIF('Data Pengujian'!$D$5:$D$31,$A25) -> 3 | C25: =COUNTIFS('Data Pengujian'!$D$5:$D$31,$A25,'Data Pengujian'!$H$5:$H$31,"SUCCESS") -> 3 | D25: =COUNTIFS('Data Pengujian'!$D$5:$D$31,$A25,'Data Pengujian'!$H$5:$H$31,"FAIL") -> 0 | E25: =COUNTIFS('Data Pengujian'!$D$5:$D$31,$A25,'Data Pengujian'!$H$5:$H$31,"BELUM ADA DATA") -> 0 | F25: =IF(B25=0,0,C25/B25) -> 1 | G25: =IF(B25=0,0,D25/B25) -> 0
A26: JPEG 50 | B26: =COUNTIF('Data Pengujian'!$D$5:$D$31,$A26) -> 3 | C26: =COUNTIFS('Data Pengujian'!$D$5:$D$31,$A26,'Data Pengujian'!$H$5:$H$31,"SUCCESS") -> 3 | D26: =COUNTIFS('Data Pengujian'!$D$5:$D$31,$A26,'Data Pengujian'!$H$5:$H$31,"FAIL") -> 0 | E26: =COUNTIFS('Data Pengujian'!$D$5:$D$31,$A26,'Data Pengujian'!$H$5:$H$31,"BELUM ADA DATA") -> 0 | F26: =IF(B26=0,0,C26/B26) -> 1 | G26: =IF(B26=0,0,D26/B26) -> 0
A27: JPEG 70 | B27: =COUNTIF('Data Pengujian'!$D$5:$D$31,$A27) -> 3 | C27: =COUNTIFS('Data Pengujian'!$D$5:$D$31,$A27,'Data Pengujian'!$H$5:$H$31,"SUCCESS") -> 3 | D27: =COUNTIFS('Data Pengujian'!$D$5:$D$31,$A27,'Data Pengujian'!$H$5:$H$31,"FAIL") -> 0 | E27: =COUNTIFS('Data Pengujian'!$D$5:$D$31,$A27,'Data Pengujian'!$H$5:$H$31,"BELUM ADA DATA") -> 0 | F27: =IF(B27=0,0,C27/B27) -> 1 | G27: =IF(B27=0,0,D27/B27) -> 0
A28: JPEG 90 | B28: =COUNTIF('Data Pengujian'!$D$5:$D$31,$A28) -> 3 | C28: =COUNTIFS('Data Pengujian'!$D$5:$D$31,$A28,'Data Pengujian'!$H$5:$H$31,"SUCCESS") -> 3 | D28: =COUNTIFS('Data Pengujian'!$D$5:$D$31,$A28,'Data Pengujian'!$H$5:$H$31,"FAIL") -> 0 | E28: =COUNTIFS('Data Pengujian'!$D$5:$D$31,$A28,'Data Pengujian'!$H$5:$H$31,"BELUM ADA DATA") -> 0 | F28: =IF(B28=0,0,C28/B28) -> 1 | G28: =IF(B28=0,0,D28/B28) -> 0
A29: Resize 75% | B29: =COUNTIF('Data Pengujian'!$D$5:$D$31,$A29) -> 3 | C29: =COUNTIFS('Data Pengujian'!$D$5:$D$31,$A29,'Data Pengujian'!$H$5:$H$31,"SUCCESS") -> 3 | D29: =COUNTIFS('Data Pengujian'!$D$5:$D$31,$A29,'Data Pengujian'!$H$5:$H$31,"FAIL") -> 0 | E29: =COUNTIFS('Data Pengujian'!$D$5:$D$31,$A29,'Data Pengujian'!$H$5:$H$31,"BELUM ADA DATA") -> 0 | F29: =IF(B29=0,0,C29/B29) -> 1 | G29: =IF(B29=0,0,D29/B29) -> 0
A30: Total | B30: =SUM(B21:B29) -> 27 | C30: =SUM(C21:C29) -> 22 | D30: =SUM(D21:D29) -> 5 | E30: =SUM(E21:E29) -> 0 | F30: =IF(B30=0,0,C30/B30) -> 0.81481481 | G30: =IF(B30=0,0,D30/B30) -> 0.18518519

Sheet Keterangan
A2: Keterangan Data Pengujian
A4: 1. Tujuan Pengujian
A5: Tujuan | B5: Menguji ketahanan (robustness) watermark hybrid DWT-DCT pada aplikasi WatermarkGuard: apakah watermark/identitas pemilik masih dapat dideteksi setelah citra ber-watermark dikenai 9 jenis serangan.
A6: 2. Jenis Citra Uji
A7: Animasi | B7: Citra asli: Mentahan/Animasi.jpeg; citra ber-watermark: Watermarked/Animasi/Animasi_watermarked.png; dimensi 736 × 736 px.
A8: Makhluk hidup | B8: Citra asli: Mentahan/Makhluk hidup.jpeg; citra ber-watermark: Watermarked/Makhluk hidup/Makhluk hidup_watermarked.png; dimensi 960 × 1280 px.
A9: Pemandangan | B9: Citra asli: Mentahan/Pemandangan.jpeg; citra ber-watermark: Watermarked/Pemandangan/Pemandangan_watermarked.png; dimensi 960 × 1280 px.
A10: 3. Jenis Serangan (9 serangan, sesuai nama berkas di folder Attacked)
A11: Brightness +20 | B11: Perubahan kecerahan citra. Nilai +20 mengikuti nama berkas (brightness_plus20); lihat catatan pemeriksaan no. 6.
A12: Contrast 1.2 | B12: Perubahan kontras citra. Nilai 1.2 mengikuti nama berkas (contrast_1.2).
A13: Crop 10% | B13: Pemotongan sebagian citra (crop_10pct); dimensi hasil lebih kecil dari citra asli.
A14: Gaussian Blur | B14: Pengaburan citra dengan filter Gaussian. Parameter tidak tercantum pada nama berkas.
A15: Gaussian Noise | B15: Penambahan derau (noise) Gaussian. Parameter tidak tercantum pada nama berkas.
A16: JPEG 50 | B16: Kompresi JPEG; angka 50 pada nama berkas (jpeg_50). Lihat catatan pemeriksaan no. 4.
A17: JPEG 70 | B17: Kompresi JPEG; angka 70 pada nama berkas (jpeg_70). Lihat catatan pemeriksaan no. 4.
A18: JPEG 90 | B18: Kompresi JPEG; angka 90 pada nama berkas (jpeg_90). Lihat catatan pemeriksaan no. 4.
A19: Resize 75% | B19: Pengubahan ukuran citra ke 75% (resize_75pct). Lihat catatan pemeriksaan no. 5.
A20: 4. Metrik
A21: NC (Normalized Correlation) | B21: Ukuran kemiripan antara watermark asli dan watermark hasil ekstraksi. Semakin mendekati 1, semakin mirip. Nilai NC yang tercatat pada sheet Data Pengujian: 1 pada 22 pengujian SUCCESS dan 0,9844 pada Animasi — Contrast 1.2. Ditulis N/A pada 4 pengujian yang tidak memiliki nilai (Animasi — Brightness +20 dan ketiga Crop 10%).
A22: BER (Bit Error Rate) | B22: Perbandingan jumlah bit watermark yang salah terekstraksi terhadap total bit watermark. Semakin mendekati 0, semakin sedikit kesalahan. Nilai BER yang tercatat pada sheet Data Pengujian: 0 pada 22 pengujian SUCCESS dan 0,0078 pada Animasi — Contrast 1.2. Ditulis N/A pada 4 pengujian yang tidak memiliki nilai (Animasi — Brightness +20 dan ketiga Crop 10%). Tidak ada nilai NC/BER yang ditambahkan atau diubah pada perbaikan ini.
A23: 5. Definisi Status
A24: SUCCESS | B24: Watermark/identitas masih berhasil dideteksi setelah serangan.
A25: FAIL | B25: Watermark/identitas tidak berhasil dideteksi, atau integritas watermark tidak memenuhi hasil pengujian.
A26: BELUM ADA DATA | B26: Tidak digunakan pada hasil akhir: seluruh 27 pengujian berstatus SUCCESS atau FAIL (jumlah BELUM ADA DATA = 0). Kategori ini hanya ditampilkan pada sheet Ringkasan sebagai informasi.
A27: Ambang batas | B27: Ambang batas NC/BER untuk menentukan SUCCESS/FAIL tidak ditetapkan di dalam workbook ini. Status SUCCESS/FAIL mengikuti hasil pengujian yang ditetapkan penguji, bukan dihitung otomatis dari nilai NC/BER.
A28: 6. Catatan Pemeriksaan Berkas
A29: 1. Hasil deteksi | B29: ZIP hanya berisi citra (asli, watermarked, hasil serangan) dan 6 berkas key. Tidak ada log, tabel, atau dokumen hasil deteksi/NC/BER. Tidak ada berkas yang tidak relevan; berkas key adalah berkas pendukung.
A30: 2. Hasil dan sumber status | B30: Total pengujian = 27 (3 citra × 9 serangan): 22 SUCCESS (81,48%) dan 5 FAIL (18,52%); tidak ada pengujian berstatus BELUM ADA DATA. Lima hasil FAIL yang ditetapkan penguji: Animasi — Brightness +20; Animasi — Contrast 1.2; Animasi — Crop 10%; Makhluk hidup — Crop 10%; Pemandangan — Crop 10%. Ke-22 pengujian lainnya berstatus SUCCESS.
A31: 3. Berkas key | B31: Berkas key di folder Watermarked dan Attacked untuk tiap citra berisi teks identik (diverifikasi dengan hash SHA-256). Isi key tidak ditampilkan di workbook ini.
A32: 4. PERLU DIPERIKSA: JPEG 50/70/90 | B32: Tabel kuantisasi pada ke-9 berkas .jpg (3 citra × 3 varian) sama dan setara dengan kualitas 75, tidak sesuai dengan angka 50, 70, dan 90 pada nama berkas. Penyebabnya tidak dapat dipastikan dari data di ZIP.
A33: 5. Resize 75% | B33: Dimensi berkas hasil serangan sama dengan citra Watermarked. Tidak ada informasi di ZIP mengenai apakah citra dikembalikan ke ukuran semula sebelum deteksi.
A34: 6. Brightness +20 | B34: Pada sampel piksel, rasio hasil serangan terhadap citra Watermarked berkisar sekitar 1,19 (proporsional), bukan selisih konstan 20. Makna angka 20 pada nama berkas perlu dikonfirmasi dari kode serangan.

Sheet Inventaris Berkas
A1: Inventaris Berkas dalam data_pengujian.zip
B4: Kategori | C4: Jumlah berkas
B5: Citra asli | C5: =COUNTIF($B$13:$B$51,B5) -> 3
B6: Citra ber-watermark | C6: =COUNTIF($B$13:$B$51,B6) -> 3
B7: Hasil serangan | C7: =COUNTIF($B$13:$B$51,B7) -> 27
B8: Berkas key | C8: =COUNTIF($B$13:$B$51,B8) -> 6
B9: Total berkas | C9: =SUM(C5:C8) -> 39
B10: Tidak ada berkas yang tidak relevan dengan pengujian; berkas key adalah berkas pendukung.
A12: No | B12: Kategori | C12: Citra | D12: Nama Berkas | E12: Format | F12: Dimensi (px) | G12: Ukuran (KB)
A13: 1 | B13: Citra asli | C13: Animasi | D13: Animasi.jpeg | E13: JPEG | F13: 736 × 736 | G13: 75.8
A14: 2 | B14: Citra asli | C14: Makhluk hidup | D14: Makhluk hidup.jpeg | E14: JPEG | F14: 960 × 1280 | G14: 114.4
A15: 3 | B15: Citra asli | C15: Pemandangan | D15: Pemandangan.jpeg | E15: JPEG | F15: 960 × 1280 | G15: 165.2
A16: 4 | B16: Citra ber-watermark | C16: Animasi | D16: Animasi_watermarked.png | E16: PNG | F16: 736 × 736 | G16: 529.2
A17: 5 | B17: Berkas key | C17: Animasi | D17: animasi_key.txt | E17: TXT | F17: - | G17: 0
A18: 6 | B18: Citra ber-watermark | C18: Makhluk hidup | D18: Makhluk hidup_watermarked.png | E18: PNG | F18: 960 × 1280 | G18: 1116.7
A19: 7 | B19: Berkas key | C19: Makhluk hidup | D19: makhluk hidup_key.txt | E19: TXT | F19: - | G19: 0
A20: 8 | B20: Citra ber-watermark | C20: Pemandangan | D20: Pemandangan_watermarked.png | E20: PNG | F20: 960 × 1280 | G20: 1337
A21: 9 | B21: Berkas key | C21: Pemandangan | D21: pemandangan_key.txt | E21: TXT | F21: - | G21: 0
A22: 10 | B22: Hasil serangan | C22: Animasi | D22: attacked_brightness_plus20_Animasi_watermarked.png | E22: PNG | F22: 736 × 736 | G22: 525.3
A23: 11 | B23: Hasil serangan | C23: Animasi | D23: attacked_contrast_1.2_Animasi_watermarked.png | E23: PNG | F23: 736 × 736 | G23: 557.2
A24: 12 | B24: Hasil serangan | C24: Animasi | D24: attacked_crop_10pct_Animasi_watermarked.png | E24: PNG | F24: 664 × 664 | G24: 454.8
... A51: 39 | B51: Berkas key | C51: Pemandangan | D51: pemandangan_key.txt | E51: TXT | F51: - | G51: 0
